Area,Bus Number,Destination,Via,Platform Number,,Area - Kannada,Destination - Kannada,Via - Kannada
Austin Town,145,Neelasandra,Nanjappa Circle,29,,ಆಸ್ಟಿನ್ ಟೌನ್,ನೀಲಸಂದ್ರ,ನಂಜಪ್ಪ ವೃತ್ತ
Austin Town,146,Vivek Nagar,Nanjappa Circle,29,,ಆಸ್ಟಿನ್ ಟೌನ್,ವಿವೇಕನಗರ,ನಂಜಪ್ಪ ವೃತ್ತ
Banasawadi Main Road,302A,Babusab Palya,banaswadi ayyappa temple,20,,ಬಾಣಸವಾಡಿ ಮುಖ್ಯ ರಸ್ತೆ,ಬಾಬುಸಾಬ್ ಪಾಳ್ಯ,ಬಾಣಸವಾಡಿ ಅಯ್ಯಪ್ಪ ದೇವಸ್ಥಾನ
Banasawadi Main Road,302B,Kalyan Nagar,Kammanahalli,20,,ಬಾಣಸವಾಡಿ ಮುಖ್ಯ ರಸ್ತೆ,ಕಲ್ಯಾಣ ನಗರ,ಕಮ್ಮನಹಳ್ಳಿ
Banasawadi Main Road,300H,KR Pura,Banasawadi,20,,ಬಾಣಸವಾಡಿ ಮುಖ್ಯ ರಸ್ತೆ,ಕೆಆರ್ ಪುರ,ಬಾಣಸವಾಡಿ
Banasawadi Main Road,301F,TC Palya,Banasawadi,20,,ಬಾಣಸವಾಡಿ ಮುಖ್ಯ ರಸ್ತೆ,ಟಿಸಿ ಪಾಳ್ಯ,ಬಾಣಸವಾಡಿ
Banashankari,215N,Anjanapura,KR Market,12,,ಬನಶಂಕರಿ,ಅಂಜನಾಪುರ,ಕೃ ರಾ ಮಾರುಕಟ್ಟೆ
Banashankari,12,Banashankari,Lalbagh,11,,ಕನಕಪುರ ರಸ್ತೆ,ಬನಶಂಕರಿ,ಲಾಲ್‌ ಬಾಗ್‌
Banashankari,KBS5H,Harohalli,Kaggalipura,11,,ಬನಶಂಕರಿ,ಹಾರೋಹಳ್ಳಿ,ಕಗ್ಗಲೀಪುರ
Banashankari,210E,Vasanthapura,"Banashankari, Uttarahalli",11,,ಕನಕಪುರ ರಸ್ತೆ,ವಸಂತಪುರ,"ಬನಶಂಕರಿ, ಉತ್ತರಹಳ್ಳಿ"
Bannerughatta Road,365P,Anekal,Jigani,16,,ಬನ್ನೇರುಘಟ್ಟ ರಸ್ತೆ,ಆನೇಕಲ್,ಜಿಗಣಿ
Bannerughatta Road,365,Bannerughatta National Park,gottigere,16,,ಬನ್ನೇರುಘಟ್ಟ ರಸ್ತೆ,ಬನ್ನೇರುಘಟ್ಟ ರಾಷ್ಟ್ರೀಯ ಉದ್ಯಾನವನ,ಗೊಟ್ಟಿಗೆರೆ
Bannerughatta Road,365D,Bilavaradahalli,gottigere,16,,ಬನ್ನೇರುಘಟ್ಟ ರಸ್ತೆ,ಬಿಲವರದಹಳ್ಳಿ,ಗೊಟ್ಟಿಗೆರೆ
Bannerughatta Road,369G,Chikka Kammanahalli,Meenakshi Temple,16,,ಬನ್ನೇರುಘಟ್ಟ ರಸ್ತೆ,ಚಿಕ್ಕ ಕಮ್ಮನಹಳ್ಳಿ,ಮೀನಾಕ್ಷಿ ದೇವಸ್ಥಾನ
Bannerughatta Road,369C,Hulimavu,Arakere Gate,16,,ಬನ್ನೇರುಘಟ್ಟ ರಸ್ತೆ,ಹುಳಿಮಾವು,ಅರಕೆರೆ
Bannerughatta Road,365J,Jigani APC Circle,Bannerughatta circle,16,,ಬನ್ನೇರುಘಟ್ಟ ರಸ್ತೆ,ಜಿಗಣಿ ಎಪಿಸಿ ವೃತ್ತ,ಬನ್ನೇರುಘಟ್ಟ ವೃತ್ತ
BEL,273C,Jalahalli Cross,HMT,25,,ಬಿಇಎಲ್,ಜಾಲಹಳ್ಳಿ ಕ್ರಾಸ್,ಹೆಚ್‌ ಎಂ ಟಿ
BEL,266T,Lakshmipura,MS Palya,25,,ಬಿಇಎಲ್,ಲಕ್ಷ್ಮೀಪುರ,ಎಂಎಸ್ ಪಾಳ್ಯ
BEL,273,Peenya 2nd stage,HMT,25,,ಬಿಇಎಲ್,ಪೀಣ್ಯ 2 ನೇ ಹಂತ,ಹೆಚ್‌ ಎಂ ಟಿ
BEL,271C,Singapura,Kuvempunagar 2nd Stage,25,,ಬಿಇಎಲ್,ಸಿಂಗಾಪುರ,ಕುವೆಂಪುನಗರ 2ನೇ ಹಂತ
BEL,276,Vidyaranyapura,Ramaiah Hospital,24,,ಬಿಇಎಲ್,ವಿದ್ಯಾರಣ್ಯಪುರ,ರಾಮಯ್ಯ ಆಸ್ಪತ್ರೆ
Chamarajapete,45D,AGS Layout,Hanumanthanagara,8,,ಚಾಮರಾಜಪೇಟೆ,ಎಜಿಎಸ್‌ ಲೇಔಟ್‌,ಹನುಮಂತನಗರ
Chamarajapete,36A,Avalahalli BDA Park,Hanumanthanagara,10,,ಚಾಮರಾಜಪೇಟೆ,ಆವಲಹಳ್ಳಿ ಬಿಡಿಎ ಪಾರ್ಕ್‌,ಹನುಮಂತನಗರ
Chamarajapete,45B,Bhuvaneshwarinagara,Kathriguppe Water Tank,8,,ಚಾಮರಾಜಪೇಟೆ,ಭುವನೇಶ್ವರಿನಗರ,ಕತ್ರಿಗುಪ್ಪೆ ವಾಟರ್‌ ಟ್ಯಾಂಕ್
Chamarajapete,45F,Channammanakere Achukattu,Hanumanthanagara,8,,ಚಾಮರಾಜಪೇಟೆ,ಚನ್ನಮ್ಮನಕೆರೆ ಅಚ್ಚುಕಟ್ಟು,ಹನುಮಂತನಗರ
Chamarajapete,45G,Channammanakere Achukattu,Good Shed Road,8,,ಚಾಮರಾಜಪೇಟೆ,ಚನ್ನಮ್ಮನಕೆರೆ ಅಚ್ಚುಕಟ್ಟು,ಗೂಡ್‌ ಶೆಡ್‌ ರಸ್ತೆ
Chamarajapete,45E,Channammanakere Achukattu,kathriguppe water tank,8,,ಚಾಮರಾಜಪೇಟೆ,ಚನ್ನಮ್ಮನಕೆರೆ ಅಚ್ಚುಕಟ್ಟು,ಕತ್ರಿಗುಪ್ಪೆ ವಾಟರ್‌ ಟ್ಯಾಂಕ್
Chamarajapete,210P,Chikkalasandra,Thyagarajanagara,9,,ಚಾಮರಾಜಪೇಟೆ,ಚಿಕ್ಕಲಸಂದ್ರ,ತ್ಯಾಗರಾಜನಗರ
Chamarajapete,36B,Girinagara Extension,Hanumanthanagara,10,,ಚಾಮರಾಜಪೇಟೆ,ಗಿರಿನಗರ ಎಕ್ಸ್‌ ಟೆಂಷನ್‌,ಹನುಮಂತನಗರ
Chamarajapete,43B,Hosakerehalli,Hanumanthanagara,8,,ಚಾಮರಾಜಪೇಟೆ,ಹೊಸಕೆರೆಹಳ್ಳಿ,ಹನುಮಂತನಗರ
Chamarajapete,V-45G,Kamakya,Good Shed Road,8,,ಚಾಮರಾಜಪೇಟೆ,ಕಾಮಾಕ್ಯ,ಗೂಡ್‌ ಶೆಡ್‌ ರಸ್ತೆ
Chamarajapete,210NP,Poorna Prajna Layout,Thyagarajanagara,9,,ಚಾಮರಾಜಪೇಟೆ,ಪೂರ್ಣಪ್ರಜ್ಞ ಲೇಔಟ್‌,ತ್ಯಾಗರಾಜನಗರ
Chamarajapete,36C,Srinagara,Hanumanthanagara,10,,ಚಾಮರಾಜಪೇಟೆ,ಶ್ರೀನಗರ,ಹನುಮಂತನಗರ
Chamarajapete,43E,Srividyanagara,Hanumanthanagara,8,,ಚಾಮರಾಜಪೇಟೆ,ಶ್ರೀವಿದ್ಯಾನಗರ,ಹನುಮಂತನಗರ
Chamarajapete,210N,Uttarahalli,Thyagarajanagara,9,,ಚಾಮರಾಜಪೇಟೆ,ಉತ್ತರಹಳ್ಳಿ,ತ್ಯಾಗರಾಜನಗರ
Chamarajapete,210NG,Uttarahalli,Good Shed Road,9,,ಚಾಮರಾಜಪೇಟೆ,ಉತ್ತರಹಳ್ಳಿ,ಗೂಡ್‌ ಶೆಡ್‌ ರಸ್ತೆ
Chamarajapete,43A,vivekanandanagar,vidyapeeta,8,,ಚಾಮರಾಜಪೇಟೆ,ವಿವೇಕಾನಂದನಗರ,ವಿದ್ಯಾಪೀಠ
ESI-Navrang,80R,Dr. Rajkumar Samadhi,Nandini Layout,7,,ಇಎಸ್ಐ-ನವರಂಗ್,ರಾಜಕುಮಾರ್ ಸಮಾಧಿ,ನಂದಿನಿ ಲೇಔಟ್
ESI-Navrang,80B,Jai Maruthi Nagar,Nandini Layout,7,,ಇಎಸ್ಐ-ನವರಂಗ್,ಜೈ ಮಾರುತಿ ನಗರ,ನಂದಿನಿ ಲೇಔಟ್
ESI-Navrang,80E,Krishnananda Nagar,Mahalakshmi Layout,7,,ಇಎಸ್ಐ-ನವರಂಗ್,ಕೃಷ್ಣಾನಂದ ನಗರ,ಮಹಾಲಕ್ಷ್ಮಿ ಲೇಔಟ್
ESI-Navrang,252H,Laggere,Mahalakshmi Layout,7,,ಇಎಸ್ಐ-ನವರಂಗ್,ಲಗ್ಗೆರೆ,ಮಹಾಲಕ್ಷ್ಮಿ ಲೇಔಟ್
ESI-Navrang,80,Mahalakshmi Layout,Rajajinagar 1st Block,7,,ಇಎಸ್ಐ-ನವರಂಗ್,ಮಹಾಲಕ್ಷ್ಮಿ ಲೇಔಟ್,ರಾಜಾಜಿನಗರ ೧ನೇ ಬ್ಲಾಕ್‌
ESI-Navrang,80A,Nandini Layout,Rajajinagar 1st Block,7,,ಇಎಸ್ಐ-ನವರಂಗ್,ನಂದಿನಿ ಲೇಔಟ್,ರಾಜಾಜಿನಗರ ೧ನೇ ಬ್ಲಾಕ್‌
ESI-Navrang,252F,Peenya 2nd Stage,Mahalakshmi Layout,7,,ಇಎಸ್ಐ-ನವರಂಗ್,ಪೀಣ್ಯ 2ನೇ ಹಂತ,ಮಹಾಲಕ್ಷ್ಮಿ ಲೇಔಟ್
ESI-Navrang,80G,Sumanahalli,Kanteerava Studio,7,,ಇಎಸ್ಐ-ನವರಂಗ್,ಸುಮನಹಳ್ಳಿ,ಕಂಠೀರವ ಸ್ಟುಡಿಯೋ
Hebbala ,289S,Bagaluru,Venkatala,26,,ಹೆಬ್ಬಾಳ,ಬಾಗಲೂರು,ವೆಂಕಟಾಲ
Hebbala ,"298M, EXP 298M",Devanahalli,Sadahalli Gate,26,,ಹೆಬ್ಬಾಳ,ದೇವನಹಳ್ಳಿ,ಸಾದಹಳ್ಳಿ ಗೇಟ್
Hebbala ,"285M, V-285M",Doddaballapura,Yelahanka NES,27,,ಹೆಬ್ಬಾಳ,ದೊಡ್ಡಬಳ್ಳಾಪುರ,ಯಲಹಂಕ ಎನ್ಇಎಸ್
Hebbala ,279E,Hebbala,Bhoopasandra,28,,ಹೆಬ್ಬಾಳ,ಹೆಬ್ಬಾಳ,ಭೂಪಸಂದ್ರ
Hebbala ,286AA,Jakkur layout,Byatarayanapura,28,,ಹೆಬ್ಬಾಳ,ಜಕ್ಕೂರು ಬಡಾವಣೆ,ಬ್ಯಾಟರಾಯನಪುರ
Hebbala ,288D,Kodigehalli,Sahakaranagara,28,,ಹೆಬ್ಬಾಳ,ಕೊಡಿಗೇಹಳ್ಳಿ,ಸಹಕಾರನಗರ
Hebbala ,288H,Thindlu,Kodigehalli,28,,ಹೆಬ್ಬಾಳ,ತಿಂಡ್ಲು,ಕೊಡಿಗೇಹಳ್ಳಿ
Hebbala ,298MP,Vijayapura,Devanahalli,26,,ಹೆಬ್ಬಾಳ,ವಿಜಯಪುರ,ದೇವನಹಳ್ಳಿ
Hennur Road,293S,Bagaluru,Hennur,21,,ಹೆಣ್ಣೂರು ರಸ್ತೆ,ಬಾಗಲೂರು,ಹೆಣ್ಣೂರು
Hennur Road,295A,Dodda Gubbi,Gubbi Cross,21,,ಹೆಣ್ಣೂರು ರಸ್ತೆ,ದೊಡ್ಡ ಗುಬ್ಬಿ,ಗುಬ್ಬಿ ಕ್ರಾಸ್
Hennur Road,292C,K Narayanapura,Hennuru,21,,ಹೆಣ್ಣೂರು ರಸ್ತೆ,ಕೆ ನಾರಾಯಣಪುರ,ಹೆಣ್ಣೂರು
Hennur Road,293KA,Mylanahalli,Bagaluru,21,,ಹೆಣ್ಣೂರು ರಸ್ತೆ,ಮೈಲಾನಹಳ್ಳಿ,ಬಾಗಲೂರು
Hennur Road,293ZA,Vijayapura,"Bagaluru, Budigere",21,,ಹೆಣ್ಣೂರು ರಸ್ತೆ,ವಿಜಯಪುರ,"ಬಾಗಲೂರು, ಬೂದಿಗೆರೆ"
Hennur Road,296A,Yarappanahalli,Byrathi Bande,21,,ಹೆಣ್ಣೂರು ರಸ್ತೆ,ಯರಪ್ಪ ಬಂಡೆ,ಬೈರತಿ ಬಂದೆ
Hoodi-ITPL,304Z,Chikka Thirupathi,Tin Factory,31,,ಹೂಡಿ-ಐಟಿಪಿಎಲ್,ಚಿಕ್ಕ ತಿರುಪತಿ,ಟಿನ್ ಫ್ಯಾಕ್ಟರಿ
Hoodi-ITPL,305D,Channasandra,Tin Factory,31,,ಹೂಡಿ-ಐಟಿಪಿಎಲ್,ಚನ್ನಸಂದ್ರ,ಟಿನ್ ಫ್ಯಾಕ್ಟರಿ
Hoodi-ITPL,305S,Naduvatti,Tin Factory,31,,ಹೂಡಿ-ಐಟಿಪಿಎಲ್,ನಡುವತ್ತಿ,ಟಿನ್ ಫ್ಯಾಕ್ಟರಿ
Hoodi-ITPL,KBS13K,Kadugodi Bus Station,Tin Factory,31,,ಹೂಡಿ-ಐಟಿಪಿಎಲ್,ಕಾಡುಗೋಡಿ ಬಸ್ ನಿಲ್ದಾಣ,ಟಿನ್ ಫ್ಯಾಕ್ಟರಿ
Hosur Road,"356M, V-356M",Anekal,Chandapura,15,,ಹೊಸೂರು ರಸ್ತೆ,ಆನೇಕಲ್,ಚಂದಾಪುರ
Hosur Road,EXP 356KA,Anekal,Shantinagar Bus Station,15,,ಹೊಸೂರು ರಸ್ತೆ,ಆನೇಕಲ್,ಹೊಸೂರು ರಸ್ತೆ
Hosur Road,"KBS3F, KBS3A, EXP KBS3A",Attibele,Flyover,15,,ಹೊಸೂರು ರಸ್ತೆ,ಅತ್ತಿಬೆಲೆ,ಫ್ಲೈಓವರ್
Hosur Road,360K,Attibele,Lalbagh,15,,ಹೊಸೂರು ರಸ್ತೆ,ಅತ್ತಿಬೆಲೆ,ಲಾಲ್‌ ಬಾಗ್‌
Hosur Road,V-360B,Attibele,Electronics City,15,,ಹೊಸೂರು ರಸ್ತೆ,ಅತ್ತಿಬೆಲೆ,ಎಲೆಕ್ಟ್ರಾನಿಕ್ಸ್ ಸಿಟಿ
Hosur Road,"KBS3C, V-356 ",Chandapura,Electronics City,15,,ಹೊಸೂರು ರಸ್ತೆ,ಚಂದಾಪುರ,ಎಲೆಕ್ಟ್ರಾನಿಕ್ಸ್ ಸಿಟಿ
Hosur Road,KBS3E,Electronics City Wipro Gate,Konappana Agrahara,15,,ಹೊಸೂರು ರಸ್ತೆ,ಎಲೆಕ್ಟ್ರಾನಿಕ್ಸ್ ಸಿಟಿ ವಿಪ್ರೋ ಗೇಟ್,ಕೋನಪ್ಪನ ಅಗ್ರಹಾರ
Indiranagar,138,Jeevanabheemanagara,Halasuru,18,,ಇಂದಿರಾನಗರ,ಜೀವನಭೀಮನಗರ,ಹಲಸೂರು
Indiranagar,"314D, 314H",Mallesh Palya New Bus Stand (Vignana Nagara),Thippasandra,18,,ಇಂದಿರಾನಗರ,ಮಲ್ಲೇಶಪಾಳ್ಯ ಹೊಸ ಬಸ್‌ ನಿಲ್ದಾಣ (ವಿಜ್ಞಾನನಗರ),ತಿಪ್ಪಸಂದ್ರ
Jayanagara,364C,BTM Layout 4th Phase,Devarachikkanahalli,13,,ಜಯನಗರ,ಬಿಟಿಎಂ ಲೇಔಟ್ 4 ನೇ ಹಂತ,ದೇವರಚಿಕ್ಕನಹಳ್ಳಿ
Jayanagara,22,Byrasandra,Jayanagara 3rd Block,13,,ಜಯನಗರ,ಬೈರಸಂದ್ರ,ಜಯನಗರ 3ನೇ ಬ್ಲಾಕ್
Jayanagara,215H,Jambusavaridinne,Jayanagara 4th Block,11,,ಜಯನಗರ,ಜಂಬೂಸವಾರಿ ದಿಣ್ಣೆ,ಜಯನಗರ 4ನೇ ಬ್ಲಾಕ್
Jayanagara,18,Jayanagara 9th Block,Jayanagara 4th Block,13,,ಜಯನಗರ,ಜಯನಗರ 9ನೇ ಬ್ಲಾಕ್,ಜಯನಗರ 4ನೇ ಬ್ಲಾಕ್
Jayanagara,2,JP Nagara 6th Phase,Jayanagara 4th Block,13,,ಜಯನಗರ,ಜೆ.ಪಿ.ನಗರ 6ನೇ ಹಂತ,ಜಯನಗರ 4ನೇ ಬ್ಲಾಕ್
Jayanagara,"25A, V-25A",Kuvempunagara (BTM),Jayanagara 4th Block,13,,ಜಯನಗರ,ಕುವೆಂಪುನಗರ (ಬಿಟಿಎಂ),ಜಯನಗರ 4ನೇ ಬ್ಲಾಕ್
Jayanagara,25B,Mahadeshwaranagara,Jayanagara 4th Block,13,,ಜಯನಗರ,ಮಹದೇಶ್ವರನಗರ,ಜಯನಗರ 4ನೇ ಬ್ಲಾಕ್
Kempegowda International Airport,KIA9,Airport,Hebbala,32,,ಕೆಂಪೇಗೌಡ ಅಂತರಾಷ್ಟ್ರೀಯ ವಿಮಾನ ನಿಲ್ದಾಣ,ವಿಮಾನ ನಿಲ್ದಾಣ,ಹೆಬ್ಬಾಳ
Koramangala,171,Koramangala,Koramangala Water Tank,14,,ಕೋರಮಂಗಲ,ಕೋರಮಂಗಲ,ಕೋರಮಂಗಲ ವಾಟರ್ ಟ್ಯಾಂಕ್
Koramangala,171G,Koramangala,Sony World,14,,ಕೋರಮಂಗಲ,ಕೋರಮಂಗಲ,ಸೋನಿ ವರ್ಲ್ಡ್
Koramangala,340A,HSR KEB Junction,Adugodi-Koramangala,14,,ಕೋರಮಂಗಲ,HSR KEB ಜಂಕ್ಷನ್,ಆಡುಗೋಡಿ-ಕೋರಮಂಗಲ
KR Pura,316B,Budigere,KR Pura,31,,ಕೆ.ಆರ್. ಪುರಂ,ಬೂದಿಗೆರೆ,ಕೃ ರಾ ಪುರ
KR Pura,316F,Cheemasandra,Tin Factory,31,,ಕೆ.ಆರ್. ಪುರಂ,ಚೀಮಸಂದ್ರ,ಕೃ ರಾ ಪುರ
KR Pura,"317A, V-317A",Hosakote Bus Stand (Old),Budigere Cross,31,,ಕೆ.ಆರ್. ಪುರಂ,ಹೊಸಕೋಟೆ ಬಸ್ ನಿಲ್ದಾಣ (ಹಳೆಯ),ಬೂದಿಗೆರೆ ಕ್ರಾಸ್
KR Pura,315,Krishnaraja Pura Govt Hospital,Halasuru,31,,ಕೆ.ಆರ್. ಪುರಂ,ಕೃಷ್ಣರಾಜ ಪುರ ಸರ್ಕಾರಿ ಆಸ್ಪತ್ರೆ,ಹಲಸೂರು
KR Pura,315MF,Krishnaraja Pura Govt Hospital,"Vidhana Soudha, MG Road",31,,ಕೆ.ಆರ್. ಪುರಂ,ಕೃಷ್ಣರಾಜ ಪುರ ಸರ್ಕಾರಿ ಆಸ್ಪತ್ರೆ,"ವಿಧಾನಸೌಧ, ಎಂಜಿ ರಸ್ತೆ"
KR Road,210A,ISKCON Temple Maruthinagar,ISRO Layout,11,,ಕೆ ಆರ್‌ ರಸ್ತೆ,ಇಸ್ಕಾನ್ ದೇವಸ್ಥಾನ ಮಾರುತಿನಗರ,ಇಸ್ರೋ ಲೇಔಟ್
KR Road,15E,Kumaraswamy,Monotype,11,,ಕೆ ಆರ್‌ ರಸ್ತೆ,ಕುಮಾರಸ್ವಾಮಿ ಲೇಔಟ್,ಮೊನೊಟೈಪ್
KR Road,15G,Kumaraswamy Layout 2nd Stage,Monotype,11,,ಕೆ ಆರ್‌ ರಸ್ತೆ,ಕುಮಾರಸ್ವಾಮಿ ಲೇಔಟ್ 2ನೇ ಹಂತ,ಮೊನೊಟೈಪ್
KR Road,210R,Vasanthapura,ISRO Layout,11,,ಕೆ ಆರ್‌ ರಸ್ತೆ,ವಸಂತಪುರ,ಇಸ್ರೋ ಲೇಔಟ್
Magadi Road,245Q,Bettahalli,Magadi Road,3,,ಮಾಗಡಿ ರಸ್ತೆ,ಬೆಟ್ಟಹಳ್ಳಿ,ಮಾಗಡಿ ರಸ್ತೆ
Magadi Road,243J,Bhavaninagara 2nd Stage,Anjananagara,4,,ಮಾಗಡಿ ರಸ್ತೆ,ಭವಾನಿನಗರ ೨ನೇ ಹಂತ,ಅಂಜನಾನಗರ
Magadi Road,241D,Bramhadevara Gutte,Bharathnagara,4A,,ಮಾಗಡಿ ರಸ್ತೆ,ಬ್ರಹ್ಮದೇವರಗುಟ್ಟೆ,ಭಾರತ್‌ ನಗರ ೨ನೇ ಹಂತ
Magadi Road,243F,Gidada Konenahalli,Sunkadakatte,4A,,ಮಾಗಡಿ ರಸ್ತೆ,ಗಿಡದಕೋನೇನಹಳ್ಳಿ,ಸುಂಕದಕಟ್ಟೆ
Magadi Road,242T,Hunnigere,Tavarekere,4A,,ಮಾಗಡಿ ರಸ್ತೆ,ಹುಣ್ಣಿಗೆರೆ,ತಾವರೆಕೆರೆ
Magadi Road,G7,Janapriya Township,Sujatha,3,,ಮಾಗಡಿ ರಸ್ತೆ,ಜನಪ್ರಿಯ ಟೌನ್ ಶಿಪ್‌,ಸುಜಾತಾ
Magadi Road,245GA,Kadabagere,Magadi Road,3,,ಮಾಗಡಿ ರಸ್ತೆ,ಕಡಬಗೆರೆ,ಮಾಗಡಿ ರಸ್ತೆ
Magadi Road,245M,Kamadhenu Kshetra,Magadi Road,3,,ಮಾಗಡಿ ರಸ್ತೆ,ಕಾಮಧೇನು ಕ್ಷೇತ್ರ,ವಡ್ಡರಹಳ್ಳಿ
Magadi Road,265,Kempegowda Bus Stand,Sunkadakatte,4B,,ಮಾಗಡಿ ರಸ್ತೆ,ಕೆಂಪೇಗೌಡ ಬಸ್ ನಿಲ್ದಾಣ,ಸುಂಕದಕಟ್ಟೆ ಜಾಲಹಳ್ಳಿ ಕ್ರಾಸ್‌
Magadi Road,241B,Kenchanapura,Gollarahatti,4,,ಮಾಗಡಿ ರಸ್ತೆ,ಕೆಂಚನಪುರ,ಗೊಲ್ಲರಹಟ್ಟಿ
Magadi Road,243L,Linghandheeranahalli,Herohalli Cross,4,,ಮಾಗಡಿ ರಸ್ತೆ,ಲಿಂಗಧೀರನಹಳ್ಳಿ,ಹೇರೋಹಳ್ಳಿ ಕ್ರಾಸ್
Magadi Road,240H,Linghandheeranahalli,Sunkadakatte,4B,,ಮಾಗಡಿ ರಸ್ತೆ,ಲಿಂಗಧೀರನಹಳ್ಳಿ,ಸುಂಕದಕಟ್ಟೆ
Magadi Road,241H,Nagaraholenagara,Sunkadakatte,4B,,ಮಾಗಡಿ ರಸ್ತೆ,ನಾಗರಹೊಳೆನಗರ,ಸುಂಕದಕಟ್ಟೆ
Magadi Road,241G KBSSGH,Seegehalli,Magadi Road,3,,ಮಾಗಡಿ ರಸ್ತೆ,ಸೀಗೇಹಳ್ಳಿ,ಮಾಗಡಿ ರಸ್ತೆ
Magadi Road,242B,Tavarekere,Magadi Road,4,,ಮಾಗಡಿ ರಸ್ತೆ,ತಾವರೆಕೆರೆ,ಮಾಗಡಿ ರಸ್ತೆ
Magadi Road,243D,Thigalarapalya,Herohalli Cross,4,,ಮಾಗಡಿ ರಸ್ತೆ,ತಿಗಳರಪಾಳ್ಯ,ಹೇರೋಹಳ್ಳಿ ಕ್ರಾಸ್
Magadi Road,265B,Thigalarapalya,Peenya 2nd stage,4B,,ಮಾಗಡಿ ರಸ್ತೆ,ತಿಗಳರಪಾಳ್ಯ,ಪೀಣ್ಯ 2ನೇ ಹಂತ
Marathahalli ,332A,Balagere,Varthur,30,,ಮಾರತಹಳ್ಳಿ,ಬಳಗೆರೆ,ವರ್ತೂರು
Marathahalli ,333C,Basavanagara,Domlur,30,,ಮಾರತಹಳ್ಳಿ,ಬಸವನಗರ,ದೊಮ್ಮಲೂರು
Marathahalli ,329H,Bellikere,Varthur,30,,ಮಾರತಹಳ್ಳಿ,ಬೆಳ್ಳಿಕೆರೆ,ವರ್ತೂರು
Marathahalli ,V-335E,Kadugodi Bus Station,Kundalahalli,17,,ಮಾರತಹಳ್ಳಿ,ಕಾಡುಗೋಡಿ ಬಸ್ ನಿಲ್ದಾಣ,ಕುಂದಲಹಳ್ಳಿ
Marathahalli ,KBS1I,Kadugodi Bus Station,Kundalahalli,30,,ಮಾರತಹಳ್ಳಿ,ಕಾಡುಗೋಡಿ ಬಸ್ ನಿಲ್ದಾಣ,ಕುಂದಲಹಳ್ಳಿ
Marathahalli ,KBS1K,Kadugodi Bus Station,Whitefield,30,,ಮಾರತಹಳ್ಳಿ,ಕಾಡುಗೋಡಿ ಬಸ್ ನಿಲ್ದಾಣ,ವೈಟ್‌ಫೀಲ್ಡ್
Mudalapalya-Nagarabhavi,238C,Bande Maramma BS,Nagarabhavi Circle,2,,ಮೂಡಲಪಾಳ್ಯ-ನಾಗರಭಾವಿ,ಬಂಡೆ ಮಾರಮ್ಮ ಬಸ್‌ ನಿಲ್ದಾಣ,ನಾಗರಭಾವಿ ವೃತ್ತ
Mudalapalya-Nagarabhavi,235K,Dodda Basthi,University Quarter,2,,ಮೂಡಲಪಾಳ್ಯ-ನಾಗರಭಾವಿ,ದೊಡ್ಡ ಬಸ್ತಿ,ವಿಶ್ವವಿದ್ಯಾಲಯದ ಕ್ವಾರ್ಟರ್
Mudalapalya-Nagarabhavi,234C,Manganahalli,University Quarters,2,,ಮೂಡಲಪಾಳ್ಯ-ನಾಗರಭಾವಿ,ಮಂಗನಹಳ್ಳಿ,ವಿಶ್ವವಿದ್ಯಾಲಯದ ಕ್ವಾರ್ಟರ್ಸ್
Mudalapalya-Nagarabhavi,238U,Muddinapalya Junction,Ambedkar College,2,,ಮೂಡಲಪಾಳ್ಯ-ನಾಗರಭಾವಿ,ಮುದ್ದಿನಪಾಳ್ಯ ಜಂಕ್ಷನ್,ಅಂಬೇಡ್ಕರ್ ಕಾಲೇಜು
Mudalapalya-Nagarabhavi,"238UN, 238W",Narsapura,Ambedkar College,2,,ಮೂಡಲಪಾಳ್ಯ-ನಾಗರಭಾವಿ,ನರಸಾಪುರ,ಅಂಬೇಡ್ಕರ್ ಕಾಲೇಜು
Mudalapalya-Nagarabhavi,238US,Srigandhada Kaval,Ambedkar College,2,,ಮೂಡಲಪಾಳ್ಯ-ನಾಗರಭಾವಿ,ಶ್ರೀಗಂಧದ ಕಾವಲ್,ಅಂಬೇಡ್ಕರ್ ಕಾಲೇಜು
Mudalapalya-Nagarabhavi,238UM,Ullal Uppanagar,Muddinapalya,2,,ಮೂಡಲಪಾಳ್ಯ-ನಾಗರಭಾವಿ,ಉಲ್ಲಾಳು ಉಪನಗರ,ಮುದ್ದಿನಪಾಳ್ಯ
Mudalapalya-Nagarabhavi,238UC,Vishweshwaraiah Layout,Kengunte Circle,2,,ಮೂಡಲಪಾಳ್ಯ-ನಾಗರಭಾವಿ,ವಿಶ್ವೇಶ್ವರಯ್ಯ ಬಡಾವಣೆ,ಕೆಂಗುಂಟೆ ವೃತ್ತ
Mysuru Road,225C,BEML 5th Stage,Bapujinagar,19,,ಮೈಸೂರು ರಸ್ತೆ,ಬಿಇಎಂಎಲ್‌ ೫ನೇ ಹಂತ,ಬಾಪೂಜಿನಗರ
Mysuru Road,"226N, EXP 226N",Bidadi,Kengeri,19,,ಮೈಸೂರು ರಸ್ತೆ,ಬಿಡದಿ,ಕೆಂಗೇರಿ
Mysuru Road,218A,Kambipura,Nayandahalli,19,,ಮೈಸೂರು ರಸ್ತೆ,ಕಂಬಿಪುರ,ನಾಯಂಡಹಳ್ಳಿ
Mysuru Road,227HA,Kurubarapalya,Doddaladamara,19,,ಮೈಸೂರು ರಸ್ತೆ,ಕುರುಬರಪಾಳ್ಯ,ದೊಡ್ಡ ಆಲದಮರ
Mysuru Road,227RA,Srinivasa Saligrama Temple,Ramohalli,19,,ಮೈಸೂರು ರಸ್ತೆ,ಶ್ರೀನಿವಾಸ ಸಾಲಿಗ್ರಾಮ ದೇವಸ್ಥಾನ,ರಾಮೋಹಳ್ಳಿ
Mysuru Road,234E,Ullal Upanagara,Jnanabharathi,19,,ಮೈಸೂರು ರಸ್ತೆ,ಉಲ್ಲಾಳು ಉಪನಗರ,ಜ್ಞಾನಭಾರತಿ
Mysuru Road,V-226WL,Wonderla,Kengeri,19,,ಮೈಸೂರು ರಸ್ತೆ,ವಂಡರ್‌ ಲಾ,ಕೆಂಗೇರಿ
Rajajinagar,88,Basaveshwara Nagara Bus Stand,Industrial Town,5,,ರಾಜಾಜಿನಗರ,ಬಸವೇಶ್ವರ ನಗರ ಬಸ್ ನಿಲ್ದಾಣ,ಇಂಡಸ್ಟ್ರಿಯಲ್‌ ಟೌನ್‌
Rajajinagar,96B,BEML Layout Kamalanagara,Basaveshwara Nagara,5,,ರಾಜಾಜಿನಗರ,ಬಿಇಎಂಎಲ್‌ ಲೇಔಟ್‌ ಕಮಲಾನಗರ,ಬಸವೇಶ್ವರನಗರ
Rajajinagar,96E,BEML Layout Kamalanagara,Malleshwara Circle,5,,ರಾಜಾಜಿನಗರ,ಬಿಇಎಂಎಲ್‌ ಲೇಔಟ್‌ ಕಮಲಾನಗರ,ಮಲ್ಲೇಶ್ವರ ವೃತ್ತ
Rajajinagar,89D,JC Nagara,Malleshwara Circle,6,,ರಾಜಾಜಿನಗರ,ಜೆ ಸಿ ನಗರ,ಮಲ್ಲೇಶ್ವರ ವೃತ್ತ
Rajajinagar,89C,kaverinagara,Navarang - Shankar Mata,6,,ರಾಜಾಜಿನಗರ,ಕಾವೇರಿನಗರ,ನವ‌ರಂಗ್ - ಶಂಕರ ಮಠ
Rajajinagar,96A,Kempegowda Bus Stand,Industrial Town,5,,ರಾಜಾಜಿನಗರ,ಕೆಂಪೇಗೌಡ ಬಸ್ ನಿಲ್ದಾಣ,ಇಂಡಸ್ಟ್ರಿಯಲ್‌ ಟೌನ್‌
Rajajinagar,96,Kempegowda Bus Stand,Malleshwara Circle,6,,ರಾಜಾಜಿನಗರ,ಕೆಂಪೇಗೌಡ ಬಸ್ ನಿಲ್ದಾಣ,ಮಲ್ಲೇಶ್ವರ ವೃತ್ತ
Rajajinagar,96G,Shankarnag Bus Stand,Navarang - Shankar Mata,5,,ರಾಜಾಜಿನಗರ,ಶಂಕರನಾಗ್ ಬಸ್ ನಿಲ್ದಾಣ,ನವ‌ರಂಗ್ - ಶಂಕರ ಮಠ
RT Nagar,111C,Kavalbysandra,Mount Carmel College,29,,ಆರ್.ಟಿ. ನಗರ,ಕಾವಲ ಬೈರಸಂದ್ರ,ಮೌಂಟ್ ಕಾರ್ಮೆಲ್ ಕಾಲೇಜು
RT Nagar,114C,Sulthanapalya,Mount Carmel College,29,,ಆರ್.ಟಿ. ನಗರ,ಸುಲ್ತಾನಪಾಳ್ಯ,ಮೌಂಟ್ ಕಾರ್ಮೆಲ್ ಕಾಲೇಜು
RT Nagar,415B,V Nagenahalli,Sultanpalya,29,,ಆರ್.ಟಿ. ನಗರ,ವಿ ನಾಗೇನಹಳ್ಳಿ,ಸುಲ್ತಾನಪಾಳ್ಯ
Sadashivanagar,104,Sadashivanagara,Malleshwara Circle,29,,ಸದಾಶಿವನಗರ,ಸದಾಶಿವನಗರ,ಮಲ್ಲೇಶ್ವರ ವೃತ್ತ
Sarjapura,V-342FD,Dodda Kannalli,St Johns - Agara,14,,ಕೋರಮಂಗಲ,ದೊಡ್ಡ ಕನ್ನಲ್ಲಿ,ಸೇಂಟ್ ಜಾನ್ಸ್ - ಅಗರ
Sarjapura,"342-F, V-342F",Sarjapura,St Johns - Agara,14A,,ಸರ್ಜಾಪುರ,ಸರ್ಜಾಪುರ,ಸೇಂಟ್ ಜಾನ್ಸ್ - ಅಗರ
Shivajinagar,126,Jeevanahalli,Shivajinagara,23,,ಶಿವಾಜಿನಗರ,ಜೀವನಹಳ್ಳಿ,ಶಿವಾಜಿನಗರ
Shivajinagar,"129, V-129",Shivajinagar,Vidhana Soudha,23,,ಶಿವಾಜಿನಗರ,ಶಿವಾಜಿನಗರ,ವಿಧಾನ ಸೌಧ
SMVT Railway Station,300MV,SMVT Railway Station,Sevanagara,20,,SMVT ರೈಲು ನಿಲ್ದಾಣ,ಎಸ್‌ ಎಂ ವಿ ಟಿ ರೈಲು ನಿಲ್ದಾಣ,ಸೇವನಗರ
Tannery Road-Nagawara,290J,Mesthri Palya,Nagavara,20,,ಟ್ಯಾನರಿ ರಸ್ತೆ-ನಾಗವಾರ,ಮೇಸ್ತ್ರಿ ಪಾಳ್ಯ,ನಾಗವಾರ
Tannery Road-Nagawara,291H,RK Hegde Nagar,Thanisandra,20,,ಟ್ಯಾನರಿ ರಸ್ತೆ-ನಾಗವಾರ,ಆರ್ ಕೆ ಹೆಗಡೆ ನಗರ,ಥಣಿಸಂದ್ರ
Tannery Road-Nagawara,290B,Thanisandra,Nagarvara,20,,ಟ್ಯಾನರಿ ರಸ್ತೆ-ನಾಗವಾರ,ಥಣಿಸಂದ್ರ,ನಾಗರವರ
Tannery Road-Nagawara,290EY,Yelahanka,RK Hegde Nagar,20,,ಟ್ಯಾನರಿ ರಸ್ತೆ-ನಾಗವಾರ,ಯಲಹಂಕ,ಆರ್ ಕೆ ಹೆಗಡೆ ನಗರ
Tumakuru Road,250A,Chikkabanavara,8th Mile,22,,ತುಮಕೂರು ರಸ್ತೆ,ಚಿಕ್ಕಬಾಣಾವರ,೮ನೇ ಮೈಲಿ
Tumakuru Road,250P,Chikkabanavara,Dr Rajkumar Road,22,,ತುಮಕೂರು ರಸ್ತೆ,ಚಿಕ್ಕಬಾಣಾವರ,ಡಾ ರಾಜ್‌ಕುಮಾರ್ ರಸ್ತೆ
Tumakuru Road,258DN,Dabaspete,Nelamangala,23,,ತುಮಕೂರು ರಸ್ತೆ,ದಾಬಾಸಪೇಟೆ,ನೆಲಮಂಗಲ
Tumakuru Road,EXP 258DK,Dabaspete,Dr. Rajkumar Road,23,,ತುಮಕೂರು ರಸ್ತೆ,ದಾಬಸ್ಪೇಟೆ,ಡಾ ರಾಜ್‌ಕುಮಾರ್ ರಸ್ತೆ
Tumakuru Road,253J,Hesaraghatta,Chikkabanavara,22,,ತುಮಕೂರು ರಸ್ತೆ,ಹೆಸರಘಟ್ಟ,ಚಿಕ್ಕಬಾಣಾವರ
Tumakuru Road,255D,Huskur Village,Makali,23,,ತುಮಕೂರು ರಸ್ತೆ,ಹುಸ್ಕೂರು ಗ್ರಾಮ,ಮಾಕಳಿ
Tumakuru Road,265A,KBS,Jalahalli Cross Sunkadakatte,22,,ತುಮಕೂರು ರಸ್ತೆ,ಕೆಂಪೇಗೌಡ ಬಸ್‌ ನಿಲ್ದಾಣ,ಜಾಲಹಳ್ಳಿ ಕ್ರಾಸ್ ಸುಂಕದಕಟ್ಟೆ
Tumakuru Road,252E,Laggere,Jalahalli Cross,22,,ತುಮಕೂರು ರಸ್ತೆ,ಲಗ್ಗೆರೆ,ಜಾಲಹಳ್ಳಿ ಕ್ರಾಸ್
Tumakuru Road,253G,Madhure Temple,Hesaraghatta,22,,ತುಮಕೂರು ರಸ್ತೆ,ಮಧುರೆ ದೇವಸ್ಥಾನ,ಹೆಸರಘಟ್ಟ
Tumakuru Road,"258C, EXP 258C",Nelamangala,Yeshwanthapura,23,,ತುಮಕೂರು ರಸ್ತೆ,ನೆಲಮಂಗಲ,ಯಶವಂತಪುರ
Tumakuru Road,258CC,Nelamangala,Dr Rajkumar Road,23,,ತುಮಕೂರು ರಸ್ತೆ,ನೆಲಮಂಗಲ,ಡಾ ರಾಜ್‌ಕುಮಾರ್ ರಸ್ತೆ
Tumakuru Road,252,Peenya 2nd Stage,Jalahalli Cross,22,,ತುಮಕೂರು ರಸ್ತೆ,ಪೀಣ್ಯ 2ನೇ ಹಂತ,ಜಾಲಹಳ್ಳಿ ಕ್ರಾಸ್
Tumakuru Road,258M,Thyamagondlu,Nelamangala,23,,ತುಮಕೂರು ರಸ್ತೆ,ತ್ಯಾಮಗೊಂಡ್ಲು,ನೆಲಮಂಗಲ
Vijaynagar,61A,Chandra Layout,Vijayanagar,1,,ವಿಜಯನಗರ,ಚಂದ್ರ ಲೇಔಟ್‌,ವಿಜಯನಗರ
Vijaynagar ,61J,Chandra Layout 1st stage,Chandra Layout,1,,ವಿಜಯನಗರ,ಚಂದ್ರ ಲೇಔಟ್ 1 ನೇ ಹಂತ,ಚಂದ್ರ ಲೇಔಟ್‌
Vijaynagar ,87,Hampinagar,Pipeline,1,,ವಿಜಯನಗರ,ಹಂಪಿನಗರ,ಪೈಪ್‌ ಲೈನ್‌
Vijaynagar ,238V,Muddinapalya Junction,Chandra Layout,1,,ವಿಜಯನಗರ,ಮುದ್ದಿನಪಾಳ್ಯ ಜಂಕ್ಷನ್,ಚಂದ್ರ ಲೇಔಟ್
Vijaynagar ,238VM,Ullal Upanagar,Chandra Layout,1,,ವಿಜಯನಗರ,ಉಲ್ಲಾಳು ಉಪನಗರ,ಚಂದ್ರ ಲೇಔಟ್
Yelahanka ,402C,Atturu,Mother Dairy,27,,ಯಲಹಂಕ,ಅಟ್ಟೂರು,ಮದರ್ ಡೈರಿ
Yelahanka ,402B,Yelahanka 5th Phase,Yelahanka New Town,27,,ಯಲಹಂಕ,ಯಲಹಂಕ 5ನೇ ಹಂತ,ಯಲಹಂಕ ಉಪನಗರ
KR Road,210AA,ISKCON Temple Maruthinagar,"BSK, ISRO Layout",11,,ಕೆ ಆರ್‌ ರಸ್ತೆ,ಇಸ್ಕಾನ್ ದೇವಸ್ಥಾನ ಮಾರುತಿನಗರ,"ಬನಶಂಕರಿ, ಇಸ್ರೋ ಲೇಔಟ್‌"
Yeshwantpura,99B,Chowdeshwari Bus Stand,Mathikere,25,,ಯಶವಂತಪುರ,ಚೌಡೇಶ್ವರಿ ಬಸ್ ನಿಲ್ದಾಣ,ಮತ್ತಿಕೆರೆ
Yeshwantpura,99A,Mohan Kumar Nagara,Chowdeshwari Bus Stand,25,,ಯಶವಂತಪುರ,ಮೋಹನ್ ಕುಮಾರ್ ನಗರ,ಚೌಡೇಶ್ವರಿ ಬಸ್ ನಿಲ್ದಾಣ
Yeshwantpura,82AR,Yeshwanthapura New Railway Station,Gayathrinagara,24,,ಯಶವಂತಪುರ,ಯಶವಂತಪುರ ಹೊಸ ರೈಲು ನಿಲ್ದಾಣ,ಗಾಯತ್ರಿನಗರ
Yeshwantpura,90E,Yeshwanthapura Railway Station,MD Block,24,,ಯಶವಂತಪುರ,ಯಶವಂತಪುರ ರೈಲು ನಿಲ್ದಾಣ,ಎಂ ಡಿ ಬ್ಲಾಕ್‌
Yelahanka ,284D,Yelahanka New Town,Hebbala,27,,ಯಲಹಂಕ,ಯಲಹಂಕ ಉಪನಗರ,ಹೆಬ್ಬಾಳ
,,,,,,,,